{"cameraMode":{"drawMode":0,"name":"Shaded","section":"Shading Mode"},"sceneLighting":true,"audioPlay":false,"sceneViewState":{"showFog":true,"showMaterialUpdate":true,"showSkybox":true,"showFlares":true,"showImageEffects":true,"showParticleSystems":true},"in2DMode":false,"pivot":{"x":16.292198181152345,"y":2.0062878131866457,"z":8.487489700317383},"rotation":{"x":-0.10386597365140915,"y":0.8189788460731506,"z":-0.15692028403282166,"w":-0.5420870780944824},"size":10.0,"orthographic":false}