{"cameraMode":{"drawMode":0,"name":"Shaded","section":"Shading Mode"},"sceneLighting":true,"audioPlay":false,"sceneViewState":{"showFog":true,"showMaterialUpdate":true,"showSkybox":true,"showFlares":true,"showImageEffects":true,"showParticleSystems":true},"in2DMode":false,"pivot":{"x":13.5700101852417,"y":0.5363585948944092,"z":8.519235610961914},"rotation":{"x":-0.12545748054981233,"y":0.7816680073738098,"z":-0.16686022281646729,"w":-0.5877159237861633},"size":10.0,"orthographic":false}