{"cameraMode":{"drawMode":0,"name":"Shaded","section":"Shading Mode"},"sceneLighting":false,"audioPlay":false,"sceneViewState":{"showFog":false,"showMaterialUpdate":false,"showSkybox":false,"showFlares":false,"showImageEffects":false,"showParticleSystems":false},"in2DMode":false,"pivot":{"x":-10.98398494720459,"y":13.270853042602539,"z":-13.611255645751954},"rotation":{"x":-0.37971770763397219,"y":-0.16597305238246919,"z":0.06945143640041352,"w":-0.9074377417564392},"size":10.0,"orthographic":false}